Registration Fees Payment,Full paper acceptance notice,Abstract registration deadline,Housing Registration,Conference website,Acceptance Notification:,Conference closes,Submission closed,Conference Registration,Full Paper Submission:,Deadline for registration:,Deadline for decision on accepted abstracts:,Announcement of final selected papers,Deadline for submission of final formatted papers,Sponsor:,Final Full Paper Submission:,Registration & Full Paper Acceptance Notification Date,"Notification of acceptance, application submission for participation without giving a talk",Abstract Acceptance Date,Full paper submission,Submission deadline,Link,Conference registration,Registration,Final paper submission,Abstract Acceptance,Submission :,Submission link,Extended Deadline,Conference begins
,,"March 31, 2018",,http://katmsg.uek.krakow.pl/konferencjamsg/,,,,,,,,,,,,,,,,"August 31, 2018",https://easychair.org/cfp/Glob2018,,,,,,https://easychair.org/conferences/?conf=glob2018,,
,,"April 15, 2018",,,,,,,,,,,,,,,,,,"April 15, 2018",https://easychair.org/cfp/DEG2018,,,,,,https://easychair.org/conferences/?conf=deg2018,,
,,"February 25, 2018",,http://icoes.usi.ac.id,,,,,,,,,,,,,,,,"March 30, 2018",https://easychair.org/cfp/ICOES-1,,,,,,https://easychair.org/conferences/?conf=icoes1,,
,,"April 15, 2018",,http://www.p2pfisy.com,,,,,,,,,,,,,,,,"June 15, 2018",https://easychair.org/cfp/p2pfisy2018,,,,,,https://easychair.org/conferences/?conf=p2pfisy2018,,
,,,,http://pma.fpm.kpi.ua/en/icdsiai/,,,,,,,,,,,,,"April 30, 2018",,,"April 1, 2018",https://easychair.org/cfp/icdsiai2018,,"May 15, 2018","May 8, 2018",,,https://easychair.org/conferences/?conf=icdsiai2018,,
,,"January 31, 2018",,http://www.sidea.org/,,,,,,,,,,,,,,,,"April 15, 2018",https://easychair.org/cfp/SIDEA2018,,,,,,https://easychair.org/conferences/?conf=sidea2018,,
,,,,http://www.iecs.ro,,,,,,,,,,,,,,,,"February 26, 2018",https://easychair.org/cfp/IECS2018,,,,,,https://easychair.org/conferences/?conf=iecs2018,,
,,"February 20, 2018",,http://www.africainnovationsummit.com,,,,,,,,,,,,,,,,"May 15, 2018",https://easychair.org/cfp/AIS2018,,,,,,https://easychair.org/conferences/?conf=ais2018,,
,,"January 31, 2018",,http://www.maths.ed.ac.uk/ewgla/index.html,,,,,,,,,,,,,,,,"January 31, 2018",https://easychair.org/cfp/EWGLA2018,,,,,,https://easychair.org/conferences/?conf=ewgla2018,,
,,"March 15, 2018",,https://ewgcfm2018.ktu.edu,,,,,,,,,,,,,,,,"April 1, 2018",https://easychair.org/cfp/ewgcfm2018,,,,,,https://easychair.org/conferences/?conf=ewgcfm2018,,
,,"December 7, 2017",,http://www.trb.org/conferences/I-TED2018.aspx,,,,,,,,,,,,,,,"May 25, 2018","May 25, 2018",https://easychair.org/cfp/ITED-2018,,,,,,https://easychair.org/conferences/?conf=ited2018,,
,"May 15, 2018",,,https://www.rmit.edu.vn/2nd-belt-road-conference-2018,,,,,,,,,,,,,,,,"April 10, 2018",https://easychair.org/cfp/BRI2018,"May 30, 2018",,,,,,,
"Registration fee online through NEFT/ RTGS or Demand Draft in favour of ""Treasurer Integral University Lucknow""",,"January 20, 2018",,,,,,,,,,,,,,"January 31, 2018",,"January 8, 2018",,"January 20, 2018",https://easychair.org/cfp/ERTIIE2018,,,,,,https://easychair.org/conferences/?conf=ertiie18,,
,,,,http://colloqueted.fsjes-umi.ac.ma,,,,,,,,,,,,,,,,"March 1, 2018",https://easychair.org/cfp/TED2018,,,,,,https://easychair.org/conferences/?conf=ted2018,,
,,"March 17, 2018",,http://ebeec.teiemt.gr,,,,,,,,,,,,,,,,"April 30, 2018",https://easychair.org/cfp/EBEEC_2018,,,,,,https://easychair.org/conferences/?conf=ebeec2018,,
,,,,http://iess2018.ksri.kit.edu/,,,,,,,,,,,,,,,,"March 11, 2018",https://easychair.org/cfp/IESS2018,,,,,,https://easychair.org/conferences/?conf=iess2018,,
,,"January 31, 2018",,http://ksgresearch.org/2nd_ERSED_2018.php,,,,,,,,,,,,,,,,"January 31, 2018",https://easychair.org/cfp/2nd-ERSED2018,,,,,,https://easychair.org/conferences/?conf=2ndersed2018,,
,,"December 15, 2017",,http://www.deyloul.org/,,,,,,,,,,,,,,,,"December 22, 2017",https://easychair.org/cfp/IS-GEM_2018,,,,,,https://easychair.org/conferences/?conf=icsigem2018,,
,,"February 6, 2018",,http://euspri2018.paris,,,,,,,,,,,,,,,,"February 6, 2018",https://easychair.org/cfp/EUSPRI2018,,,,,,https://easychair.org/conferences/?conf=euspri2018,,
,,"February 28, 2018",,http://cpu.icu.ac.jp/wehia/,,,,,,,,,,,,,,,,"May 31, 2018",https://easychair.org/cfp/WEHIA2018,,,,,,https://easychair.org/conferences/?conf=wehia2018,,
,,"April 6, 2018",,https://apef.ear.com.sg,,,,,,,,,,,,,,,,"May 19, 2018",https://easychair.org/cfp/APEF2018,,,,,,,,
,,"January 20, 2018",,http://www.ttraeuropeconferences.com/,,,,,,,,,,,,,,,,"January 20, 2018",https://easychair.org/cfp/TTRAEurope2018,,,,,,https://easychair.org/conferences/?conf=ttraeurope2018,,
,,"November 28, 2017",,https://sites.google.com/view/tsmo2018,,,,,,,,,,,,,,,,"November 28, 2017",https://easychair.org/cfp/TSMO2018,,,,,,https://easychair.org/conferences/?conf=tsmo2018,,
,,,,http://weis2018.econinfosec.org,,,,,,,,,,,,,,,,"February 18, 2018",https://easychair.org/cfp/WEIS2018,,,,,,https://easychair.org/conferences/?conf=weis2018,,
,,"February 12, 2018",,https://ece.pefka.mendelu.cz/,,,,,,,,,,,,,,,,"February 26, 2018",https://easychair.org/cfp/ECE2018,,,,,,https://easychair.org/conferences/?conf=ece2018,,
,,"January 15, 2018",,http://www.sifif.tn,,,,,,,"February 15, 2018",,,,,,,,,"March 15, 2018",https://easychair.org/cfp/SIFIF2018,,,,,,https://easychair.org/conferences/?conf=sifif2018,,
,,"November 30, 2017",,http://www.fdmcongress.ul.edu.lb,"January 31, 2018",,"November 30, 2017",,"November 30, 2017","February 15, 2018",,,,BLOM Bank,"March 15, 2018",,,,,"November 30, 2017",https://easychair.org/cfp/IACEB-2018,,,,,Closed,https://easychair.org/conferences/?conf=iaceb20180,,
,,"February 28, 2018",,http://iss2018seoul.com/eng/,,,,,,,,,,,,,,,,"February 28, 2018",https://easychair.org/cfp/ISS2018,,,,,,https://easychair.org/conferences/?conf=iss2018,,
,,"November 15, 2017",,,,,,,,,,,,,,,,,,"November 15, 2017",https://easychair.org/cfp/SSE2018,,,,,,https://easychair.org/conferences/?conf=sse2018,"November 15, 2017",
,,,,http://www.okanduru.com/ieeecim_si_cifer.htm,,,,,,,,,,,,,,,,"December 31, 2017",https://easychair.org/cfp/SI_CIFE2018,,,,,,https://easychair.org/conferences/?conf=ieeecimsicifer2018,,
,,"February 28, 2018",,https://www.ceipel.eu,,,,,,,,,,,,,,,,"April 30, 2018",https://easychair.org/cfp/CEIPEL2018_P,,,,,,https://easychair.org/conferences/?conf=ceipel2018,,
,,"October 31, 2017",,http://www.aares.org.au,,,,,,,,,,,,,,,,"October 31, 2017",https://easychair.org/cfp/aares2018ac,,,,,,https://easychair.org/conferences/?conf=aares2018ac,,
,,"November 6, 2017","March 30, 2018",http://www.iatbr2018.org,,,,"March 30, 2018",,,,,,,,,,,,"November 6, 2017",https://easychair.org/cfp/IATBR2018CALL,,,,"February 15, 2018",,https://easychair.org/conferences/?conf=santabarbara2018,,
,,"August 31, 2017",,https://uqu.edu.sa/en/fesif/25556,,"March 19, 2018",,,,,,"December 14, 2017","February 14, 2018",,,,,,,"October 31, 2017",https://easychair.org/cfp/12ICIEF,,,,,,https://easychair.org/conferences/?conf=12thicief,,"March 18, 2018"
,,"August 31, 2017",,http://www.ser2018.org/,,,,,,,,,,,,,,,,"October 15, 2017",https://easychair.org/cfp/SER2018,,,,,,https://easychair.org/conferences/?conf=ser4sc2018,,
,,"May 31, 2017",,http://www.comna.org/passew2018,,,,,,,,,,,,,,,,"July 31, 2017",https://easychair.org/cfp/passew2018,,,,,,,,
