Demonstrations acceptance notification,Demonstrations submission deadline,Abstract decision notification,Abstract registration deadline,Notification of authors,Poster,Conference website,Final version,Submission deadline,Link,Papers acceptance notification,Papers camera-ready,Submission link,Acceptance notification,Word template for submissions
,,,,,,http://www.inderscience.com/ijhfe,,,https://easychair.org/cfp/IJHFE_2018-2021,,,,,
,,,,,,http://vivoconference.org/,,,https://easychair.org/cfp/VIVO2018,,,https://easychair.org/conferences/?conf=vivo2018,,
,,,,,,,,"March 7, 2018",https://easychair.org/cfp/ADR_18,,,https://easychair.org/conferences/?conf=adrn18,,
,,,,,,http://iccpm.fmipa.unib.ac.id,,"September 1, 2018",https://easychair.org/cfp/iccpm2018,,,https://easychair.org/conferences/?conf=iccpm2018,,
,,,"February 24, 2018",,,http://pflegeinnovationszentrum.de/clusterkonferenz,,"April 30, 2018",https://easychair.org/cfp/zdp2018,,,https://easychair.org/conferences/?conf=zdp2018,,
,,,"March 9, 2018",,,https://www.achsm.org.au/Public/Events/2018_congress/Public/Events/Congress/2018/2018_congress_tabs.aspx?hkey=f766f3a3-9fb7-4b16-add3-0612b71adfd3,,"September 19, 2018",https://easychair.org/cfp/ACHSM-Darwin2018,,,https://easychair.org/conferences/?conf=achsmdarwin2018,,
"April 16, 2018","March 15, 2018",,,,,http://www.icostconference.org/,,"March 1, 2018",https://easychair.org/cfp/ICOST2018,"April 2, 2018","April 16, 2018",https://easychair.org/conferences/?conf=icost2018,,
,,,,,,http://matt.qa/aith/,,"January 19, 2018",https://easychair.org/cfp/aith2018,,,https://easychair.org/conferences/?conf=aith2018,,
,,"March 31, 2018","March 1, 2018",,download,http://evolutionarymedicine.org,,"March 1, 2018",https://easychair.org/cfp/ISEMPH2018,,,https://easychair.org/conferences/?conf=isemph2018,,
,,,"January 21, 2018",,download,http://healtex.org/event/save-date-1st-healtex-conference/,,"January 21, 2018",https://easychair.org/cfp/HealTAC-2018,,,https://easychair.org/conferences/?conf=healtac2018,,
,,,,,,http://bfal2018.iis-international.org/,"April 4, 2018","February 28, 2018",https://easychair.org/cfp/BFAL2018,,,https://easychair.org/conferences/?conf=bfal2018,"March 28, 2018",
,,,"December 31, 2017",,,http://www.svam.my/nvc2018/home.htm,,"December 31, 2017",https://easychair.org/cfp/NVC2018,,,https://easychair.org/conferences/?conf=nvc2018,,
,,,,,,http://phiwte.idet.org.es/index.html,,"March 1, 2018",https://easychair.org/cfp/pHIWtE18,,,https://easychair.org/conferences/?conf=phiwte18,,
,,,"April 21, 2018",,,http://disease-maps.org/events/3rdCommunityMeeting,,"April 21, 2018",https://easychair.org/cfp/DMCM2018,,,https://easychair.org/conferences/?conf=dmcm2018,,
,,,"February 15, 2018",,,https://www.incose.org/ChaptersGroups/WorkingGroups/Application/healthcare/2018-healthcare-systems-conference,,"February 15, 2018",https://easychair.org/cfp/2018INCOSESEinHealthcare,,,https://easychair.org/conferences/?conf=2018healthcaresystems,,
,,,,,,http://www.acm-digitalhealth.org/,,"January 29, 2018",https://easychair.org/cfp/DH2018,,,https://easychair.org/conferences/?conf=dh2018,,
,,,"January 26, 2018",,,http://pervasivehealth.org/,,"January 26, 2018",https://easychair.org/cfp/PervasiveHealth-2018,,,https://easychair.org/conferences/?conf=pervasivehealth2018,,
,,,"January 12, 2018",,,http://helsit.no,,"February 19, 2018",https://easychair.org/cfp/HelsIT2018,,,https://easychair.org/conferences/?conf=helsit2018,,http://bit.ly/2zuyaBT
,,,"September 1, 2018",,,https://ophthalmology.conferenceseries.com/,,"September 15, 2018",https://easychair.org/cfp/Ophthalmology2018,,,,,
,,,,,,,,"December 15, 2017",https://easychair.org/cfp/NGCRS2018,,,https://easychair.org/conferences/?conf=ngcrs2018,,
,,,,,,http://icbem2018.rwth-aachen.de/,,"February 1, 2018",https://easychair.org/cfp/icbem2018,,,https://easychair.org/conferences/?conf=icbem20180,,
,,,"January 31, 2018",,,http://www.konferencje.umed.wroc.pl/2wsm/,,"January 31, 2018",https://easychair.org/cfp/WSM2018,,,https://easychair.org/conferences/?conf=wsm2018,,
,,,,,,http://www.icmehi.org/blog/home,,"January 15, 2018",https://easychair.org/cfp/MEHI2018,,,,,
,,,"May 31, 2018",,,http://wsmconference.com/antwerp-2018/,,"May 31, 2018",https://easychair.org/cfp/ESMC2018,,,https://easychair.org/conferences/?conf=esmc2018,,
,,,,,,http://www.giseh2018.org,,"April 1, 2018",https://easychair.org/cfp/GISEH2018,,,https://easychair.org/conferences/?conf=giseh2018,,
,,,"February 5, 2018",,,http://www.obesitynetwork.ca/cosm,,"February 5, 2018",https://easychair.org/cfp/COSM2018,,,https://easychair.org/conferences/?conf=cosm2018,,
,,,,,,http://caos2018china.medmeeting.org/en,,"January 31, 2018",https://easychair.org/cfp/CAOS2018,,,https://easychair.org/conferences/?conf=caos2018,,
,,,"January 15, 2018",,,http://www.aes.org/conferences/2018/hearing/,,"February 15, 2018",https://easychair.org/cfp/2018mihd,,,https://easychair.org/conferences/?conf=2018musicinducedhear,,
,,,,,,http://icfsn.org/,,"February 10, 2018",https://easychair.org/cfp/ICFSN2018,,,https://easychair.org/conferences/?conf=icfsn2018,,
,,,"March 28, 2018",,,https://acss.ear.com.sg,,"May 9, 2018",https://easychair.org/cfp/ACSS2018,,,,,
,,,,,,http://w3phiai2018.w3phi.com/,,"October 27, 2017",https://easychair.org/cfp/W3PHIAI2018,,,https://easychair.org/conferences/?conf=w3phiai2018,,
,,,"December 12, 2017",,,http://medicinex.stanford.edu/ed/,,"December 12, 2017",https://easychair.org/cfp/medxed-18,,,https://easychair.org/conferences/?conf=medxed18,,
,,,"February 19, 2018",,,http://neuropsychology-congress.gr/,,"February 19, 2018",https://easychair.org/cfp/1st-PanhellenicConference_onNeuropsychology,,,,,
,,,,,,http://cs-conferences.acadiau.ca/ant-18/#workshop_approved,,"December 31, 2017",https://easychair.org/cfp/ciaals2018,,,https://easychair.org/conferences/?conf=ciaals2018,,
,,,"April 1, 2018",,,http://www.implantsandmusic.net,,"April 1, 2018",https://easychair.org/cfp/MUSIC-CI-2018,,,https://easychair.org/conferences/?conf=musicci2018,,
,,,"December 10, 2017","December 31, 2017",,http://footballismedicine.fpf.pt/,,"December 10, 2017",https://easychair.org/cfp/FIM2018,,,https://easychair.org/conferences/?conf=fim2018,,
,,,"January 15, 2018",,,http://iwbbio.ugr.es/,,"January 15, 2018",https://easychair.org/cfp/IWBBIO2018,,,https://easychair.org/conferences/?conf=iwbbio2018,,
,,,,,,http://mindcaresymposium.org,,"October 31, 2017",https://easychair.org/cfp/MindCare2018,,,https://easychair.org/conferences/?conf=mindcare2018,,
,,,"December 15, 2017",,,http://www.atms-researchgroup.com/atsip_2018.php,,"December 15, 2017",https://easychair.org/cfp/ATSIP2018,,,https://easychair.org/conferences/?conf=atsip2018,,
,,,,,,https://smarter-lives.eu/,,"January 11, 2018",https://easychair.org/cfp/SL18-IBK,,,https://easychair.org/conferences/?conf=sl18ibk,,
,,,"October 30, 2017",,,http://www.sip-physio.org,,"October 30, 2017",https://easychair.org/cfp/sipcon2018,,,https://easychair.org/conferences/?conf=sipcon2018,,
,,,"January 31, 2018",,download,http://conf.gramweb.net,,"January 31, 2018",https://easychair.org/cfp/socialTech2018,,,https://easychair.org/conferences/?conf=socialtech2018,,
,,,"February 12, 2018",,,http://www.gnb2018.polimi.it,,"February 12, 2018",https://easychair.org/cfp/GNB2018,,,https://easychair.org/conferences/?conf=gnb2018,,
,,,"September 15, 2017",,,http://www.uaepublicpolicyforum.ae,,"October 20, 2017",https://easychair.org/cfp/UAEPPF2018,,,,,
,,,,,,http://icash.inschool.id/,,"August 25, 2017",https://easychair.org/cfp/icash2,,,https://easychair.org/conferences/?conf=icash2,,
,,,,,,,,"July 31, 2017",https://easychair.org/cfp/BIOSTEC_2018,,,,,
