Final submission in camera ready format,Notification,Final papers for post-proceedings,Conference website,Notification of acceptance,"Proposals for workshops, special sessions, tutorials",ADSAA-BIOMED2017 website,Submission Link,Sessions,Registration deadline,Poster,Mathematics and Computing,Deadline for Registration,Abstract Submission Deadline,Submission deadline,Link,Author Notification,Abstract Acceptance Confirmation,Submission link,Notification of review comments,Abstract registration deadline,Final acceptance decisions,Expected publication date,Registration,Revised versions of chapters,Revised papers,First round review due,Early bird registration,Extended deadline,Last Date of Registration,Early Bird Registration Deadline,Deadline for early registrtaion,Full Chapter Submission Deadline (Extended),Camera-ready Submission,Early Registration Deadline,Final paper submission,Expected review completion date,Late Registration Deadline
,,"November 30, 2018",http://synasc.ro/2018,"July 15, 2018","March 1, 2018",,,,,,,,,"April 22, 2018",https://easychair.org/cfp/synasc-2018,,,https://easychair.org/conferences/?conf=synasc2018,,"April 22, 2018",,,"September 1, 2018",,"September 1, 2018",,,,,,,,,,,,
,,,http://science.utm.my/escon18/,,,,,,,,,,,"January 30, 2018",https://easychair.org/cfp/UTMESCon2018,,,https://easychair.org/conferences/?conf=utmescon2018,,"January 30, 2018",,,,,,,,,,,,,,,,,
,,,https://www.react.uni-saarland.de/gandalf2018/,,,,,,,,,,,"June 15, 2018",https://easychair.org/cfp/GandALF2018,,,https://easychair.org/conferences/?conf=gandalf2018,,"June 13, 2018",,,,,,,,,,,,,,,,,
,,,https://livestocknetworks.weebly.com,,,,,,,,,,,"March 2, 2018",https://easychair.org/cfp/LMNID18,,,https://easychair.org/conferences/?conf=lmnid18,,,,,,,,,,,,,,,,,,,
,,,https://lipn.univ-paris13.fr/HOR18/,,,,,,,,,,,"April 15, 2018",https://easychair.org/cfp/HOR18,,,https://easychair.org/conferences/?conf=hor18,,,,,,,,,,,,,,,,,,,
,,,https://mlcsworkshop.weebly.com/,,,,,,,,,,,"April 9, 2018",https://easychair.org/cfp/MLCS18,,,https://easychair.org/conferences/?conf=mlcs18,,"April 9, 2018",,,,,,,,,,,,,,,,,
,,,http://cicm-conference.org/2018/cicm.php,,,,,,,,,,,"April 22, 2018",https://easychair.org/cfp/CICM-2018,,,https://easychair.org/conferences/?conf=cicm2018,,"April 15, 2018",,,,,,,,,,,,,,,,,
,,,https://phd-seminars-sam.inria.fr/le-monde-des-mathematiques-industrielles-momi2018/,,,,,,,,,,,"January 31, 2018",https://easychair.org/cfp/MOMI2018,,,https://easychair.org/conferences/?conf=momi2018,,"January 31, 2018",,,,,,,,,,,,,,,,,
,,,https://www.igi-global.com/calls-for-papers-special/international-journal-strategic-information-technology/1163,,,,,,,,,,,"March 31, 2018",https://easychair.org/cfp/CST2018,,,,,,,,,,,,,,,,,,,,,,
,,,https://www.igi-global.com/calls-for-papers-special/international-journal-applied-evolutionary-computation/1127,,,,,,,,,,,"March 31, 2018",https://easychair.org/cfp/SCRIT2018,,,,,,,,,,,,,,,,,,,,,,
,,,https://dapper18.github.io,,,,,,,,,,,"February 15, 2018",https://easychair.org/cfp/dapper18,,,https://easychair.org/conferences/?conf=dapper18,,,,,,,,,,,,,,,,,,,
,,,http://www.msrim.in,,,,,,,,,,,"January 25, 2018",https://easychair.org/cfp/SDMBA2018,,,,,"January 20, 2018",,,,,,,,,,,,,,,,,
,,,http://ppsn2018.dei.uc.pt/,,,,,,,,,,,"March 26, 2018",https://easychair.org/cfp/ppsn2018,,,https://easychair.org/conferences/?conf=ppsn2018,,,,,,,,,,,,,,,,,,,
,,,http://math.uprrp.edu/sidim-2018/,,,,,,,,,,,"March 2, 2018",https://easychair.org/cfp/SIDIM_2018,,,https://easychair.org/conferences/?conf=sidim2018,,"March 2, 2018",,,,,,,,,,,,,,,,,
,,,http://adg2018.cc4cm.org/,,,,,,,,,,,"May 25, 2018",https://easychair.org/cfp/adg2018,,,https://easychair.org/conferences/?conf=adg2018,,"May 25, 2018",,,,,,,,,,,,,,,,,
,,,http://www.2018altermanconference.polimi.it/index.htm,,,,,,,,,,,,https://easychair.org/cfp/2018acsgakc,,,https://easychair.org/conferences/?conf=2018acsgakc,,,,,,,,,,,,,,,,,,,
,,,http://www.epio.org.ar,,,,,,,,,,,"March 12, 2018",https://easychair.org/cfp/EPIO-Y-ENDIO-2018,,,https://easychair.org/conferences/?conf=epioyendio2018,,"March 12, 2018",,,,,,,,,,,,,,,,,
,,,http://balcor2018.fon.bg.ac.rs/,,,,,,,,,,,,https://easychair.org/cfp/BALCOR2018,,,https://easychair.org/conferences/?conf=balcor2018,,,,,,,,,,,,,,,,,,,
,,,http://fitelson.org/few/few_18/,,,,,,,,,,,"February 12, 2018",https://easychair.org/cfp/FEW2018,,,https://easychair.org/conferences/?conf=few2018,,,,,,,,,,,,,,,,,,,
,,,https://mlabsed2017.spbstu.ru/book,,,,,,,,,,,"February 10, 2018",https://easychair.org/cfp/mlabsed2017,,,https://easychair.org/conferences/?conf=mlabsed2017,,"February 1, 2018",,,,,,,,,,,,,,,,,
,,,http://hpc.pnl.gov/graml/,,,,,,,,,,,"February 1, 2018",https://easychair.org/cfp/GraML-2018,,,https://easychair.org/conferences/?conf=graml2018,,,,,,,,,,,,,,,,,,,
,,,http://www.gamesec-conf.org,,,,,,,,,,,"June 15, 2018",https://easychair.org/cfp/GameSec2018,,,https://easychair.org/conferences/?conf=gamesec2018,,"June 1, 2018",,,,,,,,,,,,,,,,,
,,,https://sites.google.com/site/elseviersds/,,,,,,,,,,,"June 30, 2018",https://easychair.org/cfp/SMADES2018,,,https://easychair.org/conferences/?conf=smades2018,,,"October 31, 2018",,,"September 30, 2018",,"August 31, 2018",,,,,,,,,,,
,,,http://ml4p.org/,,,,,,,,,,,"April 15, 2018",https://easychair.org/cfp/mlp2018,,,https://easychair.org/conferences/?conf=mlp2018,,,,,,,,,,,,,,,,,,,
,,,https://cifsd-2018.sciencesconf.org/,,,,,,,,,,,"January 28, 2018",https://easychair.org/cfp/CIFSD-18,,,https://easychair.org/conferences/?conf=cifsd18,,,,,,,,,,,,,,,,,,,
,,,http://www.apcorise.com,,,,,,,,,,,"January 28, 2018",https://easychair.org/cfp/apcorise_2018,,,https://easychair.org/conferences/?conf=apcorise2018,,"December 31, 2017",,,,,,,,,,,,,,,,,
,,,http://scor18.com,,,,,,,,,,,"March 30, 2018",https://easychair.org/cfp/SCOR18,,,https://easychair.org/conferences/?conf=scor18,,"February 8, 2018",,,,,,,,,,,,,,,,,
,,,https://universalalgebra.github.io/ALH-2018/,,,,,,,,,,,"February 15, 2018",https://easychair.org/cfp/ALHawaii2018,,,https://easychair.org/conferences/?conf=alhawaii2018,,"February 15, 2018",,,,,,,,,,,,,,,,,
,,,http://isci18.fis.agh.edu.pl/,"May 1, 2018",,,,,,,,,,"March 15, 2018",https://easychair.org/cfp/CompIMAGE18,,,https://easychair.org/conferences/?conf=compimage18,,,,,,,,,,,,,,,,,,,
,,,https://ifm2018.cs.nuim.ie/,,,,,,,,,,,"April 20, 2018",https://easychair.org/cfp/iFM2018,,,https://easychair.org/conferences/?conf=ifm2018,,"April 16, 2018",,,,,,,,,,,,,,,,,
,,,http://maths.du.ac.in/Events/ACRMS2018,,,,,,,,,,,,https://easychair.org/cfp/acrms2018,,,https://easychair.org/conferences/?conf=acrms2018,,,,,,,,,,,,,,,,,,,
,,,https://crossdem18.wordpress.com,,,,,,,,,"February 16, 2018",,"January 26, 2018",https://easychair.org/cfp/CROSSDEM18,,"February 9, 2018",https://easychair.org/conferences/?conf=crossdem18,,,,,,,,,,,,,,,,,,,
,,,http://www.di.unito.it/~stefano/CL&C/CL&C18.htm,,,,,,,,,,,"March 19, 2018",https://easychair.org/cfp/CLC2018,,,https://easychair.org/conferences/?conf=clc2018,,"March 12, 2018",,,,,,,,,,,,,,,,,
,,,http://www.maths.ed.ac.uk/ewgla/index.html,,,,,,,,,,,"January 31, 2018",https://easychair.org/cfp/EWGLA2018,,,https://easychair.org/conferences/?conf=ewgla2018,,"January 31, 2018",,,,,,,,,,,,,,,,,
,,,https://ewgcfm2018.ktu.edu,,,,,,,,,,,"April 1, 2018",https://easychair.org/cfp/ewgcfm2018,,,https://easychair.org/conferences/?conf=ewgcfm2018,,"March 15, 2018",,,,,,,,,,,,,,,,,
,,,http://icmdm.org/,,,,,,,,,,,"February 15, 2018",https://easychair.org/cfp/ICMDM2018,,,https://easychair.org/conferences/?conf=icmdm2018,,,,,,,,,,,,,,,,,,,
,,,http://africacrypt2018.aui.ma/index.php,,,,,,,,,,,,https://easychair.org/cfp/AFRICACRYPT-2018,,,https://easychair.org/conferences/?conf=africacrypt2018,,,,,,,,,,,,,,,,,,,
,,,http://graphanalysis.org/workshop2018.html,,,,,,,,,,,"February 5, 2018",https://easychair.org/cfp/GABB18,,,https://easychair.org/conferences/?conf=gabb18,,,,,,,,,,,,,,,,,,,
,,,https://sda-amfam.github.io/sdm-workshop-2018.html,,,,,,,,,,,,https://easychair.org/cfp/SDM18_InsAI,,,https://easychair.org/conferences/?conf=sdm18,,,,,,,,,,,,,,,,,,,
,,,http://logika.flu.cas.cz/logica,,,,,,,,,,,,https://easychair.org/cfp/Logica2018,,,https://easychair.org/conferences/?conf=logica2018,,,,,,,,,,,,,,,,,,,
,,,http://conference.hocict.edu.vn/index.php,,,,,,,,,,,"March 10, 2018",https://easychair.org/cfp/IJCRS2018,,,https://easychair.org/conferences/?conf=ijcrs2018,,"March 1, 2018",,,,,,,,,,,,,,,,,
,,,http://gsom.spbu.ru/en/gsom/research/conferences/gtm2018/,,,,,,,,,,,,https://easychair.org/cfp/GTM2018,,,https://easychair.org/conferences/?conf=gtm2018,,,,,,,,,,,,,,,,,,,
,,,http://www.sci-cs.net/,,,,,,,,,,,"May 1, 2018",https://easychair.org/cfp/SOCS2018,,,https://easychair.org/conferences/?conf=scisec2018,,,,,,,,,,,,,,,,,,,
,,,https://sites.google.com/site/setvr2kn/current-workshop,,,,,,,,,,,"February 5, 2018",https://easychair.org/cfp/SetVR2018,,,https://easychair.org/conferences/?conf=setvr2018,,,,,,,,,,,,,,,,,,,
,,,http://www.ime.unicamp.br/lawci/,,,,,,,,,,,"April 7, 2018",https://easychair.org/cfp/lawci2018,,,https://easychair.org/conferences/?conf=lawci2018,,"April 7, 2018",,,,,,,,,,,,,,,,,
,,,http://einspem.upm.edu.my/c2is-sea2018/,,,,,,,,,,,"February 5, 2018",https://easychair.org/cfp/C2IS_SEA_2018,,,https://easychair.org/conferences/?conf=c2issea2018,,,,,,,,,,,,,,,,,,,
,,,http://www.fca.unicamp.br/erpo2018,,,,,,,,,,,"March 16, 2018",https://easychair.org/cfp/ERPO2018,,,https://easychair.org/conferences/?conf=erpo2018,,"March 16, 2018",,,,,,,,,,,,,,,,,
,,,http://isco2018.lip6.fr/,,,,,,,,,,,"January 10, 2018",https://easychair.org/cfp/ISCO2018,,,https://easychair.org/conferences/?conf=isco2018,,"January 10, 2018",,,,,,,,,,,,,,,,,
,,,http://cost.dcc.fc.up.pt,,,,,,,,,,,"January 26, 2018",https://easychair.org/cfp/COST2018,,,https://easychair.org/conferences/?conf=cost2018,,,,,,,,,,,,,,,,,,,
,,,http://2018.rncai.ru/,,,,,,,,,,,"April 1, 2018",https://easychair.org/cfp/RCAI2018,,,https://easychair.org/conferences/?conf=rcai2018,,"April 1, 2018",,,,,,,,,,,,,,,,,
,,,http://icmie.org/,,,,,,,,,,,"February 25, 2018",https://easychair.org/cfp/ICMIE2018,,,https://easychair.org/conferences/?conf=icmie2018,,,,,,,,,,,,,,,,,,,
,,,http://icpam.org,,,,,,,,,,,,https://easychair.org/cfp/ICPAM2018,,,https://easychair.org/conferences/?conf=icpam2018,,,,,,,,,,,,,,,,,,,
,,,http://bdca-conf.org/?page_id=360,,,,,,,,,,,"January 15, 2018",https://easychair.org/cfp/WDSO18,,,https://easychair.org/conferences/?conf=wdso18,,,,,,,,,,,,,,,,,,,
,,,,,,,,,,,,,,"January 5, 2018",https://easychair.org/cfp/SciML2018,,,https://easychair.org/conferences/?conf=sciml2018,,,,,,,,,,,,,,,,,,,
,,,,,,,,,,,,,,"February 8, 2018",https://easychair.org/cfp/aofa2018,,,https://easychair.org/conferences/?conf=aofa2018,,,,,,,,,,,,,,,,,,,
,,,http://www.ramics-conference.org/,,,,,,,download,,,,"April 13, 2018",https://easychair.org/cfp/ramics17,,,https://easychair.org/conferences/?conf=ramics17,,"April 6, 2018",,,,,,,,,,,,,,,,,
,,,http://www.oee.ac.cn/CN/column/item133.shtml,,,,,,,,,,,,https://easychair.org/cfp/ASPFC2017,,,,,,,,,,,,,,,,,,,,,,
,,,,,,,,,,,,,,,https://easychair.org/cfp/Trends2018,,,https://easychair.org/conferences/?conf=trends20180,,,,,,,,,,,,,,,,,,,
,,,http://opta18.oscsbras.ru/en/,,,,,,,,,,,"February 1, 2018",https://easychair.org/cfp/OPTA2018,,,https://easychair.org/conferences/?conf=opta2018,,"January 15, 2018",,,,,,,,,,,,,,,,,
,,,http://icemp.org/,,,,,,,,,,,"February 10, 2018",https://easychair.org/cfp/ICEMP2018,,,https://easychair.org/conferences/?conf=icemp2018,,,,,,,,,,,,,,,,,,,
,,,http://icnsam.org/,,,,,,,,,,,"February 10, 2018",https://easychair.org/cfp/ICNSAM2018,,,https://easychair.org/conferences/?conf=icnsam2018,,,,,,,,,,,,,,,,,,,
,,,http://www.aimsaconference.org,,,,,,,,,,,,https://easychair.org/cfp/AIMSA2018,,,https://easychair.org/conferences/?conf=aimsa2018,,,,,,,,,,,,,,,,,,,
,,,http://ssspr2018.buaa.edu.cn/,,,,,,,,,,,"April 15, 2018",https://easychair.org/cfp/ssspr2018,"May 15, 2018",,https://easychair.org/conferences/?conf=ssspr2018,,,,,,,,,,,,,,,"June 1, 2018",,,,
,,,http://deaconference.com/dea40,,,,,,,,,,,"February 15, 2018",https://easychair.org/cfp/DEA40,,,https://easychair.org/conferences/?conf=dea40,,"January 15, 2018",,,,,,,,,,,"February 15, 2018",,,,,,
,,,http://ieee-colcaci.org/,,,,,,,,,,,"January 29, 2018",https://easychair.org/cfp/ieee-colcaci-2018,,,https://easychair.org/conferences/?conf=colcaci2018,,,,,,,,,,,,,,,,,,,
,,,http://ukci2018.uk/,,,,,,,,,,,"March 30, 2018",https://easychair.org/cfp/ukci2018,,,https://easychair.org/conferences/?conf=ukci2018,,,,,,,,,,,,,,,,,,,
,,,https://logic.ff.cuni.cz/research/conferences/phd-logic/,"March 16, 2018",,,,,"April 6, 2018",,,,,"January 19, 2018",https://easychair.org/cfp/PhDLX2018,,,https://easychair.org/conferences/?conf=phdlx2018,,"January 19, 2018",,,,,,,,"January 26, 2018",,,,,,,,,
,,,http://ctw18.lipn.univ-paris13.fr,,,,,,,,,,,"February 1, 2018",https://easychair.org/cfp/CTW18,,,https://easychair.org/conferences/?conf=ctw18,,,,,,,,,,,,,,,,,,,
,,,https://alop.uni-trier.de/eucco2018/,,,,,,,,,,,,https://easychair.org/cfp/EUCCO18,,,https://easychair.org/conferences/?conf=eucco18,,,,,,,,,,,,"July 15, 2018",,,,,,,
,,,http://jadt2018.uniroma2.it,,,,,,,,,,,"January 21, 2018",https://easychair.org/cfp/JADT2018,,,https://easychair.org/conferences/?conf=jadt2018,,"December 10, 2017",,,,,,,,,,,,,,,,,
,,,http://icmai.org/,,,,,,,,,,,"February 15, 2018",https://easychair.org/cfp/ICMAI2018,,,https://easychair.org/conferences/?conf=icmai2018,,,,,,,,,,,,,,,,,,,
,,,http://bdca-conf.org/?page_id=367,,,,,,,,,,,"January 21, 2018",https://easychair.org/cfp/TALT18,,,,,,,,,,,,,,,,,,,,,,
,,,http://www.data-mining-forum.de/,,,,,,,,,,,"February 15, 2018",https://easychair.org/cfp/ICDM-2018,,,https://easychair.org/conferences/?conf=icdm2018,,"February 15, 2018",,,,,,,,,,,,,,,,,
,,,http://www.mldm.de/,,,,,,,,,,,"February 15, 2018",https://easychair.org/cfp/MLDM2018,,,https://easychair.org/conferences/?conf=mldm2018,,"February 15, 2018",,,,,,,,,,,,,,,,,
,,,http://icapm.org/,,,,,,,,,,,"November 25, 2017",https://easychair.org/cfp/ICAPM2018,,,https://easychair.org/conferences/?conf=icapm2018,,,,,,,,,,,,,,,,,,,
,,,https://mh2018.sciencesconf.org,,,,,,,,,,,"December 1, 2017",https://easychair.org/cfp/MH2018,,,https://easychair.org/conferences/?conf=mh2018,,"December 1, 2017",,,,,,,,,,,,,,,,,
,,,https://www.prowler.io/aaai-symposium/,,,,,,,,,,,,https://easychair.org/cfp/DERL18,,,https://easychair.org/conferences/?conf=derl18,,,,,,,,,,,,,,,,,,,
,,,http://www.mda-signals.de/,,,,,,,,,,,"March 15, 2018",https://easychair.org/cfp/MDA2018,,,https://easychair.org/conferences/?conf=mda2018,,"March 15, 2018",,,,,,,,,,,,,,,,,
,,,http://www.csc-research.org/CSC18/csc18cfp.html,,,,,,,,,,,"December 15, 2017",https://easychair.org/cfp/CSC18,,,https://easychair.org/conferences/?conf=csc18,,,,,,,,,,,,,,,,,,,
,,,http://www.baylan.org,,,,https://easychair.org/conferences/?conf=baylan2018,,,,,,,"December 15, 2017",https://easychair.org/cfp/BayLAN2018,,,https://easychair.org/conferences/?conf=baylan2018,,"December 15, 2017",,,,,,,,,,,,,,,,,
,,,http://www.pms2018.ing.uniroma2.it/,,,,,,,,,,,"November 24, 2017",https://easychair.org/cfp/PMS2018,,,https://easychair.org/conferences/?conf=pms2018,,,,,,,,,,,,,,,,,,,
,"February 20, 2018",,http://snr2018.verivital.com/,,,,,,,,,,,"January 26, 2018",https://easychair.org/cfp/snr2018,,,https://easychair.org/conferences/?conf=snr2018,,"January 19, 2018",,,,,,,,,,,,,,,,,
,,,http://iwobip2.sciencesconf.org,,,,,,,,,,,"January 15, 2018",https://easychair.org/cfp/iwobip2,,,https://easychair.org/conferences/?conf=iwobip18,,"January 15, 2018",,,,,,,,,,,,,,,,,
,,,http://www.icrat.org,,,,,,,,,,,"February 16, 2018",https://easychair.org/cfp/ICRAT2018,,,https://easychair.org/conferences/?conf=icrat2018,,,,,,,,,,,,,,,,,,,
,,,http://www.qualico2018.uni.wroc.pl,,,,,,,,,,,"January 30, 2018",https://easychair.org/cfp/qualico2018,,,https://easychair.org/conferences/?conf=qualico2018,,,,,,,,,,,,,,,,,,,
,,,,,,,,,,,,,,"January 15, 2018",https://easychair.org/cfp/CAI2018IT,,,https://easychair.org/conferences/?conf=cai2018it,,"January 15, 2018",,,,,,,,,,,,,,,,,
,,,http://www.comp.nus.edu.sg/~iwoca18/index.html,,,,,,,,,,,,https://easychair.org/cfp/IWOCA2018,,,https://easychair.org/conferences/?conf=iwoca2018,,,,,,,,,,,,,,,,,,,
,,,http://www.evlm.stuba.sk/APLIMAT,,,,,,,,,,,"December 12, 2017",https://easychair.org/cfp/APLIMAT-2018,,,https://easychair.org/conferences/?conf=aplimat2018,,"December 5, 2017",,,,,,,,,,,,,,,"January 10, 2018",,
,,,http://www.dal-conference.org/2018/,,,,,,,,,,,"January 31, 2018",https://easychair.org/cfp/DAL18,,,https://easychair.org/conferences/?conf=dal18,,"January 31, 2018",,,,,,,,,,,,,,,,,
,,,http://arith25.arithsymposium.org,,,,,,,,,,,"February 7, 2018",https://easychair.org/cfp/ARITH25,,,https://easychair.org/conferences/?conf=arith25,,,,,,,,,,,,,,,,,,,
,,,https://events.unibo.it/euroalio2018,,,,,,,,,,,"January 8, 2018",https://easychair.org/cfp/EUROALIO2018,,,https://easychair.org/conferences/?conf=euroalio2018,,,,,,,,,,,,,,,,,,,
,,,https://sites.google.com/view/cpaior2018/,,,,,,,,,,,"December 15, 2017",https://easychair.org/cfp/CPAIOR2018,,,https://easychair.org/conferences/?conf=cpaior2018,,"December 8, 2017",,,,,,,,,,,,,,,,,
,,,http://cmwrconference.org/,"January 30, 2018",,,,http://cmwrconference.org/program/sessions/,,,,,,"November 15, 2017",https://easychair.org/cfp/cmwr2018,,,https://easychair.org/conferences/?conf=cmwr2018,,,,,,,,,,,,,,,,,,,
,,,http://roadef.org/news.php?id=31,,,,,,,,,,,"October 29, 2017",https://easychair.org/cfp/PrixRobertFaure2018,,,https://easychair.org/conferences/?conf=prixrobertfaure2018,,,,,,,,,,,,,,,,,,,
,,,https://itp2018.inria.fr,,,,,,,,,,,"January 31, 2018",https://easychair.org/cfp/itp2018,,,https://easychair.org/conferences/?conf=itp2018,,"January 25, 2018",,,,,,,,,,,,,,,,,
,,,https://conga.posithub.org,,,,,,,,,,,"November 17, 2017",https://easychair.org/cfp/conga2018,,,https://easychair.org/conferences/?conf=conga2018,,,,,,,,,,,,,,,,,,,
,,,http://www.heteronam.org/2018/,,,,,,,,,,,"November 20, 2017",https://easychair.org/cfp/HeteroNAM2018,,,https://easychair.org/conferences/?conf=heteronam2018,,,,,,,,,,,,,,,,,,,
,,,http://www.cs.cornell.edu/conferences/alt2018/,,,,,,,,,,,"October 27, 2017",https://easychair.org/cfp/ALT2018,,,https://easychair.org/conferences/?conf=alt18,,,,,,,,,,,,,,,,,,,
,,,http://coco.binghamton.edu/nerccs/,,,,,,,,,,,"January 15, 2018",https://easychair.org/cfp/NERCCS2018,,,https://easychair.org/conferences/?conf=nerccs2018,,,,,,,,,,,,,,,,,,,
,,,http://iitbhu.ac.in/icmc2018/apm/index.html,,,,,,,,"Approximation Theory, Analysis, Differential Equations, Operations Research, Probability and Statistics, Soft Computing, Applications of Fuzzy Set Theory, Cryptology, Coding Theory, Digital Signal Processing",,,"November 15, 2017",https://easychair.org/cfp/ICMC-2018,,,,,,,,,,,,,,,,,,,,,,
,,,http://www.math.itb.ac.id/kpa2017/,,,,,,,,,,,"October 27, 2017",https://easychair.org/cfp/SemnasKPA2017,,,https://easychair.org/conferences/?conf=semnaskpa2017,,"October 27, 2017",,,,,,,,,,,,,,,,,
,,,http://www.sc-square.org/CSA/JSC.html,,,,,,,,,,,"February 15, 2018",https://easychair.org/cfp/SC2-JSC,,,https://easychair.org/conferences/?conf=sc2,,,,,,,,,,,,,,,,,,,
,,,http://icame.balikesir.edu.tr,,,,,,,,,,,"April 1, 2018",https://easychair.org/cfp/ICAME18,,,https://easychair.org/conferences/?conf=icame18,,"April 1, 2018",,,,,,,,,,,,,,"April 30, 2018",,,"June 1, 2018"
,,,http://roughsets.home.pl/www/index.php?option=com_content&task=view&id=101&Itemid=1,,,,,,,,,,"September 30, 2017","February 15, 2018",https://easychair.org/cfp/algrough2018,,,https://easychair.org/conferences/?conf=algrough2018,,"September 30, 2017",,,,,,,,,,,,"February 15, 2018",,,,,
,,,http://lfcs.ws.gc.cuny.edu/,,,,,,,,,,,"September 15, 2017",https://easychair.org/cfp/LFCS2018,,,https://easychair.org/conferences/?conf=lfcs2018,,"September 15, 2017",,,,,,,,,,,,,,,,,
,,,http://www.jaist.ac.jp/IUKM/IUKM2018/,,,,,,,,,,,"September 15, 2017",https://easychair.org/cfp/IUKM-2018,,,,,,,,,,,,,,,,,,,,,,
,,,http://2018.foiks.org,,,,,,,,,,,"December 1, 2017",https://easychair.org/cfp/FoIKS_2018,,,https://easychair.org/conferences/?conf=foiks2018,,"November 24, 2017",,,,,,,,,,,,,,,,,
,,,https://sites.google.com/site/kovzol/jsc-si-dg-ar,,,,,,,,,,,"February 1, 2018",https://easychair.org/cfp/JSC-DG-AR-SI-2018,,,https://easychair.org/conferences/?conf=jscdgarsi2018,,,,,,,,,,,,,,,,,,,
,,,,,,https://sites.google.com/view/adsaa-biomed2017/,,,,,,,,"October 31, 2017",https://easychair.org/cfp/ADSAA-BIOMED2017,,,https://easychair.org/conferences/?conf=adsaabiomed2017,,,,April 2018,,,,,,,,,,,,,,February 2018,
,,,http://instr2018.org/,,,,,,,,,,,"May 31, 2017",https://easychair.org/cfp/INSTR2018,,,,,"May 31, 2017",,,,,,,,,,,,,,,,,
"November 25, 2017",,,http://www.ipec.org.in/m3hpcst-2018/,,,,,,,,,,,"August 30, 2017",https://easychair.org/cfp/M3HPCST-2018,,,,"November 10, 2017","July 20, 2017",,,,,,,"September 25, 2017",,"November 15, 2017",,,,,,,,
